{
    "name": "root",
    "gauges": {
        "SeekerAgent.Policy.Entropy.mean": {
            "value": 1.8024601936340332,
            "min": 1.8024601936340332,
            "max": 2.1467745304107666,
            "count": 3
        },
        "SeekerAgent.Policy.Entropy.sum": {
            "value": 3523.8095703125,
            "min": 3523.8095703125,
            "max": 4420.208984375,
            "count": 3
        },
        "SeekerAgent.Step.mean": {
            "value": 5956.0,
            "min": 1995.0,
            "max": 5956.0,
            "count": 3
        },
        "SeekerAgent.Step.sum": {
            "value": 5956.0,
            "min": 1995.0,
            "max": 5956.0,
            "count": 3
        },
        "SeekerAgent.Policy.ExtrinsicValueEstimate.mean": {
            "value": -0.30244502425193787,
            "min": -0.42703157663345337,
            "max": -0.30244502425193787,
            "count": 3
        },
        "SeekerAgent.Policy.ExtrinsicValueEstimate.sum": {
            "value": -11.492911338806152,
            "min": -15.373136520385742,
            "max": -11.390216827392578,
            "count": 3
        },
        "SeekerAgent.Policy.CuriosityValueEstimate.mean": {
            "value": 2.569730281829834,
            "min": 2.569730281829834,
            "max": 3.5132360458374023,
            "count": 3
        },
        "SeekerAgent.Policy.CuriosityValueEstimate.sum": {
            "value": 97.64974975585938,
            "min": 97.64974975585938,
            "max": 126.47650146484375,
            "count": 3
        },
        "SeekerAgent.Losses.PolicyLoss.mean": {
            "value": 0.24346774720712808,
            "min": 0.23543500294864098,
            "max": 0.24521049539701908,
            "count": 3
        },
        "SeekerAgent.Losses.PolicyLoss.sum": {
            "value": 3.408548460899793,
            "min": 3.408548460899793,
            "max": 3.9233679263523054,
            "count": 3
        },
        "SeekerAgent.Losses.ValueLoss.mean": {
            "value": 0.06443863733161105,
            "min": 0.06443863733161105,
            "max": 0.6632220352036101,
            "count": 3
        },
        "SeekerAgent.Losses.ValueLoss.sum": {
            "value": 0.9021409226425547,
            "min": 0.9021409226425547,
            "max": 9.948330528054152,
            "count": 3
        },
        "SeekerAgent.Policy.LearningRate.mean": {
            "value": 0.0002992525073920214,
            "min": 0.0002992525073920214,
            "max": 0.0002998455300514899,
            "count": 3
        },
        "SeekerAgent.Policy.LearningRate.sum": {
            "value": 0.0041895351034883,
            "min": 0.0041895351034883,
            "max": 0.0047927389524203496,
            "count": 3
        },
        "SeekerAgent.Policy.Epsilon.mean": {
            "value": 0.19975083571428578,
            "min": 0.19975083571428578,
            "max": 0.19994851,
            "count": 3
        },
        "SeekerAgent.Policy.Epsilon.sum": {
            "value": 2.796511700000001,
            "min": 2.796511700000001,
            "max": 3.19757965,
            "count": 3
        },
        "SeekerAgent.Policy.Beta.mean": {
            "value": 0.0005000000000000002,
            "min": 0.0005,
            "max": 0.0005000000000000002,
            "count": 3
        },
        "SeekerAgent.Policy.Beta.sum": {
            "value": 0.007000000000000003,
            "min": 0.007000000000000003,
            "max": 0.008,
            "count": 3
        },
        "SeekerAgent.Losses.CuriosityForwardLoss.mean": {
            "value": 0.21724848123873672,
            "min": 0.19411278872310367,
            "max": 0.4567320302911424,
            "count": 3
        },
        "SeekerAgent.Losses.CuriosityForwardLoss.sum": {
            "value": 3.041478737342314,
            "min": 3.041478737342314,
            "max": 6.850980454367136,
            "count": 3
        },
        "SeekerAgent.Losses.CuriosityInverseLoss.mean": {
            "value": 1.6672553001080224,
            "min": 1.6672553001080224,
            "max": 2.096053781188782,
            "count": 3
        },
        "SeekerAgent.Losses.CuriosityInverseLoss.sum": {
            "value": 23.341574201512312,
            "min": 23.341574201512312,
            "max": 31.440806717831734,
            "count": 3
        },
        "SeekerAgent.Environment.EpisodeLength.mean": {
            "value": 183.84615384615384,
            "min": 183.84615384615384,
            "max": 289.3333333333333,
            "count": 3
        },
        "SeekerAgent.Environment.EpisodeLength.sum": {
            "value": 2390.0,
            "min": 1736.0,
            "max": 2390.0,
            "count": 3
        },
        "SeekerAgent.Environment.CumulativeReward.mean": {
            "value": -0.9583332731078068,
            "min": -1.6666664332151413,
            "max": -0.9583332731078068,
            "count": 3
        },
        "SeekerAgent.Environment.CumulativeReward.sum": {
            "value": -11.499999277293682,
            "min": -12.59999780356884,
            "max": -9.999998599290848,
            "count": 3
        },
        "SeekerAgent.Policy.ExtrinsicReward.mean": {
            "value": -0.9583332731078068,
            "min": -1.6666664332151413,
            "max": -0.9583332731078068,
            "count": 3
        },
        "SeekerAgent.Policy.ExtrinsicReward.sum": {
            "value": -11.499999277293682,
            "min": -12.59999780356884,
            "max": -9.999998599290848,
            "count": 3
        },
        "SeekerAgent.Policy.CuriosityReward.mean": {
            "value": 5.344433384016156,
            "min": 5.344433384016156,
            "max": 12.217179426819914,
            "count": 3
        },
        "SeekerAgent.Policy.CuriosityReward.sum": {
            "value": 64.13320060819387,
            "min": 44.98115614429116,
            "max": 109.95461484137923,
            "count": 3
        },
        "SeekerAgent.IsTraining.mean": {
            "value": 1.0,
            "min": 1.0,
            "max": 1.0,
            "count": 3
        },
        "SeekerAgent.IsTraining.sum": {
            "value": 1.0,
            "min": 1.0,
            "max": 1.0,
            "count": 3
        }
    },
    "metadata": {
        "timer_format_version": "0.1.0",
        "start_time_seconds": "1652778303",
        "python_version": "3.9.7 (default, Sep 16 2021, 16:59:28) [MSC v.1916 64 bit (AMD64)]",
        "command_line_arguments": "D:\\Users\\jefvd\\anaconda3\\envs\\unity\\Scripts\\mlagents-learn Agent.yaml --run-id=new-v1 --force",
        "mlagents_version": "0.28.0",
        "mlagents_envs_version": "0.28.0",
        "communication_protocol_version": "1.5.0",
        "pytorch_version": "1.7.1+cu110",
        "numpy_version": "1.22.3",
        "end_time_seconds": "1652778462"
    },
    "total": 159.3490256,
    "count": 1,
    "self": 0.011494099999993068,
    "children": {
        "run_training.setup": {
            "total": 0.1137414000000001,
            "count": 1,
            "self": 0.1137414000000001
        },
        "TrainerController.start_learning": {
            "total": 159.2237901,
            "count": 1,
            "self": 0.14375010000043176,
            "children": {
                "TrainerController._reset_env": {
                    "total": 5.878020800000001,
                    "count": 1,
                    "self": 5.878020800000001
                },
                "TrainerController.advance": {
                    "total": 153.06054049999958,
                    "count": 6801,
                    "self": 0.13888539999996397,
                    "children": {
                        "env_step": {
                            "total": 97.25243580000004,
                            "count": 6801,
                            "self": 65.86800170000006,